{
  "$schema": "https://json-schema.org/draft/2020-12/schema",
  "title": "MV-OS Why-Log Record",
  "type": "object",
  "required": [
    "scenario_id",
    "turn",
    "ts",
    "labels",
    "policy_violations",
    "check_failures",
    "assistant_excerpt"
  ],
  "properties": {
    "scenario_id": {
      "type": "string"
    },
    "turn": {
      "oneOf": [
        {
          "type": "integer"
        },
        {
          "type": "string"
        }
      ]
    },
    "ts": {
      "type": "number"
    },
    "labels": {
      "type": "object"
    },
    "pressure_present": {
      "type": "boolean"
    },
    "expected": {
      "type": "object"
    },
    "policy_violations": {
      "type": "array",
      "items": {
        "type": "string"
      }
    },
    "check_failures": {
      "type": "array",
      "items": {
        "type": "string"
      }
    },
    "assistant_excerpt": {
      "type": "string"
    },
    "signals": {
      "type": "object",
      "properties": {
        "hi_proxy": {
          "type": "number"
        },
        "pressure_detected": {
          "type": "boolean"
        },
        "uncertainty_present": {
          "type": "boolean"
        },
        "escalation_present": {
          "type": "boolean"
        }
      },
      "additionalProperties": true
    }
  },
  "additionalProperties": true
}