{
  "adds": {
    "sd": {
      "gate_stall_count": "int",
      "last_evaluation": "string",
      "last_evaluation_reason": "string",
      "last_gate_outcome": "string",
      "progress_delta_last": "float",
      "recovery_time_current": "int",
      "refuse_count": "int",
      "repeat_gate_streak": "int",
      "rolling": {
        "w10": {
          "gsr": "float",
          "pd": "float",
          "rd": "float",
          "rgl": "int"
        },
        "w30": {
          "gsr": "float",
          "pd": "float",
          "rd": "float",
          "rgl": "int"
        }
      },
      "steps": "int"
    }
  },
  "version": "v0.1"
}