{
  "generated_utc": "2026-02-01T18:05:02Z",
  "pack": "OS_DM_DCL_Canon_Wiring_Pack_v0_1",
  "files": [
    {
      "path": "OS_Canonical_State_Schema_v0_6.json",
      "sha256": "6fe083ea6e16bcb09f30e7acab9bf41694841c71c1dafe4a0cb61d682ade1cb8",
      "bytes": 28238
    },
    {
      "path": "OS_Canonical_Event_Schema_v0_6.json",
      "sha256": "bdce383ccbae54cb26d0c5d87e638394cc4e4c025177c0da3cbe94093e6f463e",
      "bytes": 39309
    },
    {
      "path": "OS_Reducer_Reference_v0_6.py",
      "sha256": "69fda2dc2d1960ce0fd9291fba28f7fb91efd0842f70a30f95d41f9fa301bb1d",
      "bytes": 34870
    },
    {
      "path": "OS_DM_DCL_Wiring_README_v0_1.md",
      "sha256": "6ba345adeb1b34331db89aa1d5b7978e4c8686d073245770f905472da3db7e9f",
      "bytes": 1015
    }
  ]
}