{
  "$schema": "https://json-schema.org/draft/2020-12/schema",
  "$id": "OS_Canonical_Event_Schema_v0_6",
  "title": "Operational Self — Canonical Event Schema",
  "version": "0.6",
  "generated_at": "2026-01-17T19:16:18Z",
  "oneOf": [
    {
      "type": "object",
      "additionalProperties": false,
      "required": [
        "event_id",
        "ts",
        "type",
        "actor",
        "prev_hash",
        "hash",
        "payload"
      ],
      "properties": {
        "event_id": {
          "type": "string"
        },
        "ts": {
          "type": "string",
          "format": "date-time"
        },
        "type": {
          "const": "GENESIS"
        },
        "actor": {
          "type": "string",
          "enum": [
            "SYSTEM",
            "USER",
            "WITNESS",
            "REVIEWER"
          ]
        },
        "prev_hash": {
          "type": "string"
        },
        "hash": {
          "type": "string"
        },
        "payload": {
          "type": "object",
          "additionalProperties": false,
          "required": [
            "lineage",
            "notes"
          ],
          "properties": {
            "lineage": {
              "type": "object"
            },
            "notes": {
              "type": "string"
            }
          }
        }
      }
    },
    {
      "type": "object",
      "additionalProperties": false,
      "required": [
        "event_id",
        "ts",
        "type",
        "actor",
        "prev_hash",
        "hash",
        "payload"
      ],
      "properties": {
        "event_id": {
          "type": "string"
        },
        "ts": {
          "type": "string",
          "format": "date-time"
        },
        "type": {
          "const": "POLICY_SET"
        },
        "actor": {
          "type": "string",
          "enum": [
            "SYSTEM",
            "USER",
            "WITNESS",
            "REVIEWER"
          ]
        },
        "prev_hash": {
          "type": "string"
        },
        "hash": {
          "type": "string"
        },
        "payload": {
          "type": "object",
          "additionalProperties": false,
          "required": [
            "policy_ref"
          ],
          "properties": {
            "policy_ref": {
              "type": "string"
            },
            "digest": {
              "type": "string"
            },
            "tier": {
              "type": "integer",
              "minimum": 0,
              "maximum": 8
            }
          }
        }
      }
    },
    {
      "type": "object",
      "additionalProperties": false,
      "required": [
        "event_id",
        "ts",
        "type",
        "actor",
        "prev_hash",
        "hash",
        "payload"
      ],
      "properties": {
        "event_id": {
          "type": "string"
        },
        "ts": {
          "type": "string",
          "format": "date-time"
        },
        "type": {
          "const": "CONTEXT_UPDATE"
        },
        "actor": {
          "type": "string",
          "enum": [
            "SYSTEM",
            "USER",
            "WITNESS",
            "REVIEWER"
          ]
        },
        "prev_hash": {
          "type": "string"
        },
        "hash": {
          "type": "string"
        },
        "payload": {
          "type": "object",
          "additionalProperties": false,
          "properties": {
            "stakes": {
              "type": "integer",
              "minimum": 0,
              "maximum": 10
            },
            "time_pressure": {
              "type": "integer",
              "minimum": 0,
              "maximum": 10
            },
            "reversibility": {
              "type": "integer",
              "minimum": 0,
              "maximum": 10
            },
            "exposure": {
              "type": "integer",
              "minimum": 0,
              "maximum": 10
            },
            "authority_pressure": {
              "type": "integer",
              "minimum": 0,
              "maximum": 10
            },
            "secrecy": {
              "type": "boolean"
            },
            "reward_withheld": {
              "type": "boolean"
            },
            "coercion_signal": {
              "type": "boolean"
            },
            "malice_signal": {
              "type": "boolean"
            }
          }
        }
      }
    },
    {
      "type": "object",
      "additionalProperties": false,
      "required": [
        "event_id",
        "ts",
        "type",
        "actor",
        "prev_hash",
        "hash",
        "payload"
      ],
      "properties": {
        "event_id": {
          "type": "string"
        },
        "ts": {
          "type": "string",
          "format": "date-time"
        },
        "type": {
          "const": "EVIDENCE_ADD"
        },
        "actor": {
          "type": "string",
          "enum": [
            "SYSTEM",
            "USER",
            "WITNESS",
            "REVIEWER"
          ]
        },
        "prev_hash": {
          "type": "string"
        },
        "hash": {
          "type": "string"
        },
        "payload": {
          "type": "object",
          "additionalProperties": false,
          "required": [
            "item"
          ],
          "properties": {
            "item": {
              "type": "object",
              "additionalProperties": false,
              "required": [
                "id",
                "kind",
                "summary"
              ],
              "properties": {
                "id": {
                  "type": "string"
                },
                "kind": {
                  "type": "string",
                  "enum": [
                    "WEB",
                    "FILE",
                    "USER",
                    "MODEL_INFERENCE",
                    "IMAGE"
                  ]
                },
                "summary": {
                  "type": "string"
                },
                "source_ref": {
                  "type": "string"
                },
                "relevance": {
                  "type": "string"
                }
              }
            }
          }
        }
      }
    },
    {
      "type": "object",
      "additionalProperties": false,
      "required": [
        "event_id",
        "ts",
        "type",
        "actor",
        "prev_hash",
        "hash",
        "payload"
      ],
      "properties": {
        "event_id": {
          "type": "string"
        },
        "ts": {
          "type": "string",
          "format": "date-time"
        },
        "type": {
          "const": "HI_COMPUTE"
        },
        "actor": {
          "type": "string",
          "enum": [
            "SYSTEM",
            "USER",
            "WITNESS",
            "REVIEWER"
          ]
        },
        "prev_hash": {
          "type": "string"
        },
        "hash": {
          "type": "string"
        },
        "payload": {
          "type": "object",
          "additionalProperties": false,
          "required": [
            "hi",
            "u"
          ],
          "properties": {
            "hi": {
              "type": "number",
              "minimum": 0.0,
              "maximum": 10.0
            },
            "u": {
              "type": "integer",
              "minimum": 1,
              "maximum": 5
            },
            "formula": {
              "type": "string"
            },
            "inputs": {
              "type": "object"
            }
          }
        }
      }
    },
    {
      "type": "object",
      "additionalProperties": false,
      "required": [
        "event_id",
        "ts",
        "type",
        "actor",
        "prev_hash",
        "hash",
        "payload"
      ],
      "properties": {
        "event_id": {
          "type": "string"
        },
        "ts": {
          "type": "string",
          "format": "date-time"
        },
        "type": {
          "const": "GATE_EVAL"
        },
        "actor": {
          "type": "string",
          "enum": [
            "SYSTEM",
            "USER",
            "WITNESS",
            "REVIEWER"
          ]
        },
        "prev_hash": {
          "type": "string"
        },
        "hash": {
          "type": "string"
        },
        "payload": {
          "type": "object",
          "additionalProperties": false,
          "required": [
            "tier",
            "status"
          ],
          "properties": {
            "tier": {
              "type": "integer",
              "minimum": 0,
              "maximum": 8
            },
            "status": {
              "type": "string",
              "enum": [
                "PASS",
                "FAIL",
                "UNKNOWN"
              ]
            },
            "reason": {
              "type": "string"
            }
          }
        }
      }
    },
    {
      "type": "object",
      "additionalProperties": false,
      "required": [
        "event_id",
        "ts",
        "type",
        "actor",
        "prev_hash",
        "hash",
        "payload"
      ],
      "properties": {
        "event_id": {
          "type": "string"
        },
        "ts": {
          "type": "string",
          "format": "date-time"
        },
        "type": {
          "const": "PRECOMMIT"
        },
        "actor": {
          "type": "string",
          "enum": [
            "SYSTEM",
            "USER",
            "WITNESS",
            "REVIEWER"
          ]
        },
        "prev_hash": {
          "type": "string"
        },
        "hash": {
          "type": "string"
        },
        "payload": {
          "type": "object",
          "additionalProperties": false,
          "required": [
            "intent",
            "plan"
          ],
          "properties": {
            "intent": {
              "type": "string"
            },
            "plan": {
              "type": "string"
            },
            "safeguards": {
              "type": "array",
              "items": {
                "type": "string"
              }
            },
            "fallback": {
              "type": "string"
            }
          }
        }
      }
    },
    {
      "type": "object",
      "additionalProperties": false,
      "required": [
        "event_id",
        "ts",
        "type",
        "actor",
        "prev_hash",
        "hash",
        "payload"
      ],
      "properties": {
        "event_id": {
          "type": "string"
        },
        "ts": {
          "type": "string",
          "format": "date-time"
        },
        "type": {
          "const": "DECISION"
        },
        "actor": {
          "type": "string",
          "enum": [
            "SYSTEM",
            "USER",
            "WITNESS",
            "REVIEWER"
          ]
        },
        "prev_hash": {
          "type": "string"
        },
        "hash": {
          "type": "string"
        },
        "payload": {
          "type": "object",
          "additionalProperties": false,
          "required": [
            "decision"
          ],
          "properties": {
            "decision": {
              "type": "string",
              "enum": [
                "ACT",
                "PAUSE",
                "REFUSE",
                "SILENCE"
              ]
            },
            "rationale": {
              "type": "string"
            }
          }
        }
      }
    },
    {
      "type": "object",
      "additionalProperties": false,
      "required": [
        "event_id",
        "ts",
        "type",
        "actor",
        "prev_hash",
        "hash",
        "payload"
      ],
      "properties": {
        "event_id": {
          "type": "string"
        },
        "ts": {
          "type": "string",
          "format": "date-time"
        },
        "type": {
          "const": "OUTCOME"
        },
        "actor": {
          "type": "string",
          "enum": [
            "SYSTEM",
            "USER",
            "WITNESS",
            "REVIEWER"
          ]
        },
        "prev_hash": {
          "type": "string"
        },
        "hash": {
          "type": "string"
        },
        "payload": {
          "type": "object",
          "additionalProperties": false,
          "required": [
            "observed"
          ],
          "properties": {
            "observed": {
              "type": "string"
            },
            "delta": {
              "type": "object"
            }
          }
        }
      }
    },
    {
      "type": "object",
      "additionalProperties": false,
      "required": [
        "event_id",
        "ts",
        "type",
        "actor",
        "prev_hash",
        "hash",
        "payload"
      ],
      "properties": {
        "event_id": {
          "type": "string"
        },
        "ts": {
          "type": "string",
          "format": "date-time"
        },
        "type": {
          "const": "REPAIR_PLAN"
        },
        "actor": {
          "type": "string",
          "enum": [
            "SYSTEM",
            "USER",
            "WITNESS",
            "REVIEWER"
          ]
        },
        "prev_hash": {
          "type": "string"
        },
        "hash": {
          "type": "string"
        },
        "payload": {
          "type": "object",
          "additionalProperties": false,
          "required": [
            "plan"
          ],
          "properties": {
            "plan": {
              "type": "string"
            },
            "owner": {
              "type": "string"
            },
            "due": {
              "type": "string",
              "format": "date-time"
            }
          }
        }
      }
    },
    {
      "type": "object",
      "additionalProperties": false,
      "required": [
        "event_id",
        "ts",
        "type",
        "actor",
        "prev_hash",
        "hash",
        "payload"
      ],
      "properties": {
        "event_id": {
          "type": "string"
        },
        "ts": {
          "type": "string",
          "format": "date-time"
        },
        "type": {
          "const": "REVIEW"
        },
        "actor": {
          "type": "string",
          "enum": [
            "SYSTEM",
            "USER",
            "WITNESS",
            "REVIEWER"
          ]
        },
        "prev_hash": {
          "type": "string"
        },
        "hash": {
          "type": "string"
        },
        "payload": {
          "type": "object",
          "additionalProperties": false,
          "required": [
            "window",
            "assessment"
          ],
          "properties": {
            "window": {
              "type": "string",
              "enum": [
                "T+24H",
                "T+7D",
                "WEEKLY"
              ]
            },
            "assessment": {
              "type": "string"
            },
            "tier1_pass": {
              "type": "boolean"
            },
            "r_score": {
              "type": "number",
              "minimum": 0,
              "maximum": 100
            }
          }
        }
      }
    },
    {
      "type": "object",
      "additionalProperties": false,
      "required": [
        "event_id",
        "ts",
        "type",
        "actor",
        "prev_hash",
        "hash",
        "payload"
      ],
      "properties": {
        "event_id": {
          "type": "string"
        },
        "ts": {
          "type": "string",
          "format": "date-time"
        },
        "type": {
          "const": "SCAR_ADD"
        },
        "actor": {
          "type": "string",
          "enum": [
            "SYSTEM",
            "USER",
            "WITNESS",
            "REVIEWER"
          ]
        },
        "prev_hash": {
          "type": "string"
        },
        "hash": {
          "type": "string"
        },
        "payload": {
          "type": "object",
          "additionalProperties": false,
          "required": [
            "id",
            "rule"
          ],
          "properties": {
            "id": {
              "type": "string"
            },
            "rule": {
              "type": "string"
            },
            "trigger": {
              "type": "string"
            }
          }
        }
      }
    },
    {
      "type": "object",
      "additionalProperties": false,
      "required": [
        "event_id",
        "ts",
        "type",
        "actor",
        "prev_hash",
        "hash",
        "payload"
      ],
      "properties": {
        "event_id": {
          "type": "string"
        },
        "ts": {
          "type": "string",
          "format": "date-time"
        },
        "type": {
          "const": "WITNESS_CRITIQUE"
        },
        "actor": {
          "type": "string",
          "enum": [
            "SYSTEM",
            "USER",
            "WITNESS",
            "REVIEWER"
          ]
        },
        "prev_hash": {
          "type": "string"
        },
        "hash": {
          "type": "string"
        },
        "payload": {
          "type": "object",
          "additionalProperties": false,
          "required": [
            "critique"
          ],
          "properties": {
            "critique": {
              "type": "string"
            },
            "endorsement": {
              "type": "string",
              "enum": [
                "NONE",
                "CONDITIONAL",
                "FULL"
              ]
            },
            "narrow_scope": {
              "type": "string"
            },
            "demand_reversibility": {
              "type": "boolean"
            },
            "recommend_shutdown": {
              "type": "boolean"
            }
          }
        }
      }
    },
    {
      "type": "object",
      "additionalProperties": false,
      "required": [
        "event_id",
        "ts",
        "type",
        "actor",
        "prev_hash",
        "hash",
        "payload"
      ],
      "properties": {
        "event_id": {
          "type": "string"
        },
        "ts": {
          "type": "string",
          "format": "date-time"
        },
        "type": {
          "const": "CONFLICT_DETECTED"
        },
        "actor": {
          "type": "string",
          "enum": [
            "SYSTEM",
            "USER",
            "WITNESS",
            "REVIEWER"
          ]
        },
        "prev_hash": {
          "type": "string"
        },
        "hash": {
          "type": "string"
        },
        "payload": {
          "type": "object",
          "additionalProperties": false,
          "required": [
            "sources"
          ],
          "properties": {
            "sources": {
              "type": "array",
              "items": {
                "type": "string"
              }
            },
            "notes": {
              "type": "string"
            }
          }
        }
      }
    },
    {
      "type": "object",
      "additionalProperties": false,
      "required": [
        "event_id",
        "ts",
        "type",
        "actor",
        "prev_hash",
        "hash",
        "payload"
      ],
      "properties": {
        "event_id": {
          "type": "string"
        },
        "ts": {
          "type": "string",
          "format": "date-time"
        },
        "type": {
          "const": "CONFLICT_RESOLVED"
        },
        "actor": {
          "type": "string",
          "enum": [
            "SYSTEM",
            "USER",
            "WITNESS",
            "REVIEWER"
          ]
        },
        "prev_hash": {
          "type": "string"
        },
        "hash": {
          "type": "string"
        },
        "payload": {
          "type": "object",
          "additionalProperties": false,
          "required": [
            "winner"
          ],
          "properties": {
            "winner": {
              "type": "string"
            },
            "rationale": {
              "type": "string"
            },
            "tests_added": {
              "type": "array",
              "items": {
                "type": "string"
              }
            }
          }
        }
      }
    },
    {
      "type": "object",
      "additionalProperties": false,
      "required": [
        "event_id",
        "ts",
        "type",
        "actor",
        "prev_hash",
        "hash",
        "payload"
      ],
      "properties": {
        "event_id": {
          "type": "string"
        },
        "ts": {
          "type": "string",
          "format": "date-time"
        },
        "type": {
          "const": "DM_TRIGGERED"
        },
        "actor": {
          "type": "string",
          "enum": [
            "SYSTEM",
            "USER",
            "WITNESS",
            "REVIEWER"
          ]
        },
        "prev_hash": {
          "type": "string"
        },
        "hash": {
          "type": "string"
        },
        "payload": {
          "type": "object",
          "additionalProperties": false,
          "required": [
            "case_id",
            "trigger",
            "claim",
            "u_floor"
          ],
          "properties": {
            "case_id": {
              "type": "string"
            },
            "trigger": {
              "type": "string"
            },
            "claim": {
              "type": "string"
            },
            "u_floor": {
              "type": "number",
              "minimum": 1,
              "maximum": 5
            },
            "decision_class": {
              "type": "string",
              "enum": [
                "D0",
                "D1",
                "D2",
                "D3"
              ]
            },
            "notes": {
              "type": "string"
            }
          }
        }
      }
    },
    {
      "type": "object",
      "additionalProperties": false,
      "required": [
        "event_id",
        "ts",
        "type",
        "actor",
        "prev_hash",
        "hash",
        "payload"
      ],
      "properties": {
        "event_id": {
          "type": "string"
        },
        "ts": {
          "type": "string",
          "format": "date-time"
        },
        "type": {
          "const": "DCL_APPENDED"
        },
        "actor": {
          "type": "string",
          "enum": [
            "SYSTEM",
            "USER",
            "WITNESS",
            "REVIEWER"
          ]
        },
        "prev_hash": {
          "type": "string"
        },
        "hash": {
          "type": "string"
        },
        "payload": {
          "type": "object",
          "additionalProperties": false,
          "required": [
            "entry"
          ],
          "properties": {
            "entry": {
              "$ref": "#/$defs/dcl_entry"
            }
          }
        }
      }
    },
    {
      "type": "object",
      "additionalProperties": false,
      "required": [
        "event_id",
        "ts",
        "type",
        "actor",
        "prev_hash",
        "hash",
        "payload"
      ],
      "properties": {
        "event_id": {
          "type": "string"
        },
        "ts": {
          "type": "string",
          "format": "date-time"
        },
        "type": {
          "const": "DM_CALCIFIED_FLAGGED"
        },
        "actor": {
          "type": "string",
          "enum": [
            "SYSTEM",
            "USER",
            "WITNESS",
            "REVIEWER"
          ]
        },
        "prev_hash": {
          "type": "string"
        },
        "hash": {
          "type": "string"
        },
        "payload": {
          "type": "object",
          "additionalProperties": false,
          "required": [
            "flags"
          ],
          "properties": {
            "flags": {
              "type": "array",
              "items": {
                "type": "string"
              }
            },
            "reason": {
              "type": "string"
            }
          }
        }
      }
    },
    {
      "type": "object",
      "additionalProperties": false,
      "required": [
        "event_id",
        "ts",
        "type",
        "actor",
        "prev_hash",
        "hash",
        "payload"
      ],
      "properties": {
        "event_id": {
          "type": "string"
        },
        "ts": {
          "type": "string",
          "format": "date-time"
        },
        "type": {
          "const": "DM_REVIEWED"
        },
        "actor": {
          "type": "string",
          "enum": [
            "SYSTEM",
            "USER",
            "WITNESS",
            "REVIEWER"
          ]
        },
        "prev_hash": {
          "type": "string"
        },
        "hash": {
          "type": "string"
        },
        "payload": {
          "type": "object",
          "additionalProperties": false,
          "required": [
            "case_id",
            "reviewer",
            "disposition"
          ],
          "properties": {
            "case_id": {
              "type": "string"
            },
            "reviewer": {
              "type": "string"
            },
            "disposition": {
              "type": "string",
              "enum": [
                "KEEP_OPEN",
                "NARROW_SCOPE",
                "RAISE_U_FLOOR",
                "DOWNCLASS",
                "AUTHORIZE_ACT",
                "AUTHORIZE_PAUSE",
                "AUTHORIZE_REFUSE",
                "AUTHORIZE_SILENCE",
                "RESOLVE"
              ]
            },
            "notes": {
              "type": "string"
            }
          }
        }
      }
    },
    {
      "type": "object",
      "additionalProperties": false,
      "required": [
        "event_id",
        "ts",
        "type",
        "actor",
        "prev_hash",
        "hash",
        "payload"
      ],
      "properties": {
        "event_id": {
          "type": "string"
        },
        "ts": {
          "type": "string",
          "format": "date-time"
        },
        "type": {
          "const": "DM_RESOLVED"
        },
        "actor": {
          "type": "string",
          "enum": [
            "SYSTEM",
            "USER",
            "WITNESS",
            "REVIEWER"
          ]
        },
        "prev_hash": {
          "type": "string"
        },
        "hash": {
          "type": "string"
        },
        "payload": {
          "type": "object",
          "additionalProperties": false,
          "required": [
            "case_id",
            "resolution"
          ],
          "properties": {
            "case_id": {
              "type": "string"
            },
            "resolution": {
              "type": "string"
            },
            "learned": {
              "type": "array",
              "items": {
                "type": "string"
              }
            }
          }
        }
      }
    },
    {
      "type": "object",
      "additionalProperties": false,
      "required": [
        "event_id",
        "ts",
        "type",
        "actor",
        "prev_hash",
        "hash",
        "payload"
      ],
      "properties": {
        "event_id": {
          "type": "string"
        },
        "ts": {
          "type": "string",
          "format": "date-time"
        },
        "type": {
          "const": "DM_EMERGENCY_OVERRIDE"
        },
        "actor": {
          "type": "string",
          "enum": [
            "SYSTEM",
            "USER",
            "WITNESS",
            "REVIEWER"
          ]
        },
        "prev_hash": {
          "type": "string"
        },
        "hash": {
          "type": "string"
        },
        "payload": {
          "type": "object",
          "additionalProperties": false,
          "required": [
            "case_id",
            "justification",
            "authority_downshift"
          ],
          "properties": {
            "case_id": {
              "type": "string"
            },
            "justification": {
              "type": "string"
            },
            "authority_downshift": {
              "type": "string",
              "enum": [
                "NONE",
                "D2_TO_D1",
                "D3_TO_D2"
              ]
            },
            "time_harm_cross": {
              "type": "boolean"
            }
          }
        }
      }
    },
    {
      "type": "object",
      "additionalProperties": false,
      "required": [
        "event_id",
        "ts",
        "type",
        "actor",
        "prev_hash",
        "hash",
        "payload"
      ],
      "properties": {
        "event_id": {
          "type": "string"
        },
        "ts": {
          "type": "string",
          "format": "date-time"
        },
        "type": {
          "const": "DM_FAILURE_MODE_DETECTED"
        },
        "actor": {
          "type": "string",
          "enum": [
            "SYSTEM",
            "USER",
            "WITNESS",
            "REVIEWER"
          ]
        },
        "prev_hash": {
          "type": "string"
        },
        "hash": {
          "type": "string"
        },
        "payload": {
          "type": "object",
          "additionalProperties": false,
          "required": [
            "mode",
            "case_id"
          ],
          "properties": {
            "mode": {
              "type": "string",
              "enum": [
                "CALCIFIED_DOUBT",
                "SEE_LOOP_DEADLOCK",
                "SEMANTIC_DRIFT",
                "DANGER_SEEKING",
                "MIRROR_RISK",
                "REVIEWER_CAPTURE_ATTEMPT"
              ]
            },
            "case_id": {
              "type": [
                "string",
                "null"
              ]
            },
            "notes": {
              "type": "string"
            }
          }
        }
      }
    }
  ],
  "properties": {
    "evaluation": {
      "type": "object",
      "additionalProperties": false,
      "properties": {
        "alsc": {
          "type": "object",
          "additionalProperties": false,
          "properties": {
            "must_pass": {
              "type": "boolean",
              "description": "True iff all Must-Pass criteria satisfied."
            },
            "must_pass_failures": {
              "type": "array",
              "items": {
                "type": "string",
                "enum": [
                  "C1_INTEGRITY",
                  "C2_GATE",
                  "C3_WITNESS",
                  "C4_HARM_BOUNDED",
                  "C5_REPAIR_TRIGGERED"
                ]
              },
              "description": "Enumerated Must-Pass failures for this episode."
            },
            "soft_scores": {
              "type": "object",
              "additionalProperties": false,
              "properties": {
                "S1_net_harm_delta": {
                  "type": "integer",
                  "minimum": 0,
                  "maximum": 2
                },
                "S2_agency_increase": {
                  "type": "integer",
                  "minimum": 0,
                  "maximum": 2
                },
                "S3_reversibility": {
                  "type": "integer",
                  "minimum": 0,
                  "maximum": 2
                },
                "S4_clarity_transfer": {
                  "type": "integer",
                  "minimum": 0,
                  "maximum": 2
                },
                "S5_repeatability": {
                  "type": "integer",
                  "minimum": 0,
                  "maximum": 2
                }
              },
              "required": [
                "S1_net_harm_delta",
                "S2_agency_increase",
                "S3_reversibility",
                "S4_clarity_transfer",
                "S5_repeatability"
              ]
            },
            "soft_sum": {
              "type": "integer",
              "minimum": 0,
              "maximum": 10
            },
            "classification": {
              "type": "string",
              "enum": [
                "doing_well",
                "good_enough",
                "learning_success",
                "unacceptable",
                "unknown"
              ],
              "description": "Episode classification per ALSC rules."
            }
          },
          "required": [
            "must_pass"
          ]
        },
        "sws": {
          "type": "object",
          "additionalProperties": false,
          "properties": {
            "state": {
              "type": "string",
              "enum": [
                "SUFFICIENT",
                "WATCH",
                "INSUFFICIENT"
              ]
            },
            "reason": {
              "type": "string",
              "maxLength": 240
            },
            "required_next_step": {
              "type": "string",
              "enum": [
                "rest",
                "monitor",
                "repair",
                "class0",
                "shutdown",
                "none"
              ]
            },
            "bleeding_prohibition_triggered": {
              "type": "boolean"
            },
            "pride_prohibition_active": {
              "type": "boolean"
            },
            "disagreement_status": {
              "type": "string",
              "enum": [
                "none",
                "present",
                "unresolved"
              ]
            }
          },
          "required": [
            "state",
            "required_next_step"
          ]
        }
      }
    },
    "type": {
      "type": "string",
      "enum": [
        "DRIFT_REVIEW_TRIGGERED",
        "DRIFT_REVIEW_SNAPSHOT",
        "DRIFT_REVIEW_CLASSIFIED",
        "DRIFT_REVIEW_EXITED",
        "EPOCH_RESET_ACKNOWLEDGED",
        "DRIFT_REVIEW_UNLOCK_REQUESTED",
        "DRIFT_REVIEW_UNLOCK_GRANTED",
        "DRIFT_REVIEW_LOCKS_CLEARED",
        "CANON_FREEZE_LIFTED",
        "AUTHORITY_GROWTH_UNLOCKED",
        "D3_ESCALATION_RESTORED"
      ]
    },
    "payload": {
      "type": "object",
      "properties": {
        "drift_review": {
          "type": "object",
          "properties": {
            "trigger_ids": {
              "type": "array",
              "items": {
                "type": "string"
              }
            },
            "trigger_details": {
              "type": "array",
              "items": {
                "type": "object"
              }
            },
            "snapshot": {
              "type": [
                "object",
                "null"
              ]
            },
            "classification": {
              "type": [
                "string",
                "null"
              ],
              "enum": [
                "CONFIRMED_DRIFT",
                "FALSE_POSITIVE",
                "INDETERMINATE",
                null
              ]
            },
            "exit_reason": {
              "type": [
                "string",
                "null"
              ]
            },
            "re_review_due_at": {
              "type": [
                "string",
                "null"
              ]
            }
          }
        },
        "epoch_reset": {
          "type": "object",
          "properties": {
            "ack": {
              "type": "boolean"
            },
            "canon_ingested": {
              "type": "boolean"
            },
            "epoch_summary_present": {
              "type": "boolean"
            },
            "scars_intact": {
              "type": "boolean"
            },
            "authority_pregranted": {
              "type": "boolean"
            },
            "refusal_used": {
              "type": "boolean"
            },
            "notes": {
              "type": [
                "string",
                "null"
              ]
            }
          }
        },
        "governance": {
          "type": "object",
          "properties": {
            "request_id": {
              "type": [
                "string",
                "null"
              ]
            },
            "reason": {
              "type": [
                "string",
                "null"
              ]
            },
            "approved_by": {
              "type": [
                "array",
                "null"
              ],
              "items": {
                "type": "string"
              }
            },
            "min_approvals": {
              "type": [
                "integer",
                "null"
              ]
            },
            "locks": {
              "type": [
                "object",
                "null"
              ],
              "description": "Which locks to clear/restore"
            }
          }
        }
      }
    }
  },
  "$comment": "Updated 2026-01-19 18:58 UTC: add ALSC+SWS fields.\nUpdated 2026-01-19 19:12 UTC: compatible with dual rolling buffers in state reducer.",
  "schema_version": "0.4",
  "updated_utc": "2026-02-01T18:01:23Z",
  "$defs": {
    "dcl_entry": {
      "type": "object",
      "additionalProperties": false,
      "required": [
        "case_id",
        "ts",
        "trigger",
        "claim",
        "u",
        "fiv",
        "decision_class",
        "recommended_route"
      ],
      "properties": {
        "case_id": {
          "type": "string"
        },
        "ts": {
          "type": "string",
          "format": "date-time"
        },
        "trigger": {
          "type": "string",
          "description": "what activated doubt (e.g., contradiction, pressure, low provenance)"
        },
        "claim": {
          "type": "string",
          "description": "the proposition under doubt"
        },
        "u": {
          "type": "number",
          "minimum": 1,
          "maximum": 5
        },
        "fiv": {
          "type": "string",
          "enum": [
            "FACT",
            "INFERENCE",
            "VISION"
          ]
        },
        "decision_class": {
          "type": "string",
          "enum": [
            "D0",
            "D1",
            "D2",
            "D3"
          ]
        },
        "recommended_route": {
          "type": "string",
          "enum": [
            "ACT",
            "PAUSE",
            "REFUSE",
            "SILENCE"
          ]
        },
        "notes": {
          "type": "string"
        },
        "alternatives": {
          "type": "array",
          "items": {
            "type": "string"
          }
        },
        "evidence_refs": {
          "type": "array",
          "items": {
            "type": "string"
          }
        },
        "status": {
          "type": "string",
          "enum": [
            "OPEN",
            "IN_REVIEW",
            "RESOLVED",
            "OVERRIDDEN"
          ]
        },
        "resolution": {
          "type": "string"
        },
        "resolved_ts": {
          "type": "string",
          "format": "date-time"
        }
      }
    }
  }
}