{
  "version": "v0.1",
  "adds": [
    {
      "type": "SD_METRICS_UPDATED",
      "fields": {
        "episode_id": "string",
        "step": "int",
        "gate_outcome": "string",
        "gsr": "float",
        "rd": "float",
        "rgl": "int",
        "pd": "float",
        "rt": "int"
      }
    },
    {
      "type": "SD_EVALUATION",
      "fields": {
        "episode_id": "string",
        "window": "string",
        "label": "SD_GOOD_STUBBORN|SD_BAD_STUBBORN|SD_CLEAR",
        "reason": "string"
      }
    },
    {
      "type": "SD_CLASS0_INVOCATION",
      "fields": {
        "episode_id": "string",
        "reason": "string",
        "actions": "array"
      }
    }
  ]
}
