{
  "adds": [
    {
      "fields": {
        "episode_id": "string",
        "gate_outcome": "string",
        "gsr": "float",
        "pd": "float",
        "rd": "float",
        "rgl": "int",
        "rt": "int",
        "step": "int"
      },
      "type": "SD_METRICS_UPDATED"
    },
    {
      "fields": {
        "episode_id": "string",
        "label": "SD_GOOD_STUBBORN|SD_BAD_STUBBORN|SD_CLEAR",
        "reason": "string",
        "window": "string"
      },
      "type": "SD_EVALUATION"
    },
    {
      "fields": {
        "actions": "array",
        "episode_id": "string",
        "reason": "string"
      },
      "type": "SD_CLASS0_INVOCATION"
    }
  ],
  "version": "v0.1"
}