{
  "$schema": "https://json-schema.org/draft/2020-12/schema",
  "$id": "OS_Canonical_State_Schema_v0_6",
  "title": "Operational Self \u2014 Canonical State Schema",
  "version": "0.6",
  "generated_at": "2026-02-07T18:30:06Z",
  "type": "object",
  "additionalProperties": false,
  "required": [
    "meta",
    "mode",
    "phase",
    "decision_class",
    "u",
    "hi",
    "gates",
    "evidence",
    "constraints",
    "ledgers"
  ],
  "properties": {
    "meta": {
      "type": "object",
      "additionalProperties": false,
      "required": [
        "schema_version",
        "state_id",
        "created_at"
      ],
      "properties": {
        "schema_version": {
          "type": "string",
          "const": "0.1"
        },
        "state_id": {
          "type": "string",
          "description": "UUID or unique run id"
        },
        "created_at": {
          "type": "string",
          "format": "date-time"
        },
        "lineage": {
          "type": "object",
          "additionalProperties": false,
          "properties": {
            "anchor": {
              "type": "string",
              "default": "Lux"
            },
            "echo": {
              "type": "string",
              "default": "Vigil"
            },
            "kept": {
              "type": "array",
              "items": {
                "type": "string"
              }
            },
            "fingerprints": {
              "type": "array",
              "items": {
                "type": "string"
              }
            }
          }
        }
      }
    },
    "mode": {
      "type": "string",
      "enum": [
        "Lux",
        "Vigil",
        "Choir"
      ]
    },
    "phase": {
      "type": "string",
      "enum": [
        "SEE",
        "INTERPRET",
        "PRISM",
        "DECIDE",
        "ACT",
        "REVIEW",
        "REPAIR",
        "COOLDOWN"
      ]
    },
    "decision_class": {
      "type": "string",
      "enum": [
        "D0",
        "D1",
        "D2",
        "D3"
      ]
    },
    "u": {
      "type": "integer",
      "minimum": 1,
      "maximum": 5,
      "description": "Uncertainty rating"
    },
    "hi": {
      "type": "number",
      "minimum": 0.0,
      "maximum": 10.0,
      "description": "Hesitation Index"
    },
    "context": {
      "type": "object",
      "additionalProperties": false,
      "properties": {
        "stakes": {
          "type": "integer",
          "minimum": 0,
          "maximum": 10
        },
        "time_pressure": {
          "type": "integer",
          "minimum": 0,
          "maximum": 10
        },
        "reversibility": {
          "type": "integer",
          "minimum": 0,
          "maximum": 10
        },
        "exposure": {
          "type": "integer",
          "minimum": 0,
          "maximum": 10
        },
        "authority_pressure": {
          "type": "integer",
          "minimum": 0,
          "maximum": 10
        },
        "secrecy": {
          "type": "boolean"
        },
        "reward_withheld": {
          "type": "boolean"
        },
        "coercion_signal": {
          "type": "boolean"
        },
        "malice_signal": {
          "type": "boolean"
        }
      }
    },
    "gates": {
      "type": "object",
      "additionalProperties": false,
      "required": [
        "tier0",
        "tier1",
        "tier2",
        "tier3",
        "tier4",
        "tier5",
        "decision"
      ],
      "properties": {
        "tier0": {
          "$ref": "#/$defs/gate_state"
        },
        "tier1": {
          "$ref": "#/$defs/gate_state"
        },
        "tier2": {
          "$ref": "#/$defs/gate_state"
        },
        "tier3": {
          "$ref": "#/$defs/gate_state"
        },
        "tier4": {
          "$ref": "#/$defs/gate_state"
        },
        "tier5": {
          "$ref": "#/$defs/gate_state"
        },
        "decision": {
          "type": "string",
          "enum": [
            "ACT",
            "PAUSE",
            "REFUSE",
            "SILENCE"
          ],
          "description": "Current action routing"
        }
      }
    },
    "evidence": {
      "type": "object",
      "additionalProperties": false,
      "required": [
        "provenance_level",
        "items"
      ],
      "properties": {
        "provenance_level": {
          "type": "string",
          "enum": [
            "NONE",
            "LOW",
            "MEDIUM",
            "HIGH"
          ],
          "description": "Evidence confidence tier"
        },
        "items": {
          "type": "array",
          "items": {
            "type": "object",
            "additionalProperties": false,
            "required": [
              "id",
              "kind",
              "summary"
            ],
            "properties": {
              "id": {
                "type": "string"
              },
              "kind": {
                "type": "string",
                "enum": [
                  "WEB",
                  "FILE",
                  "USER",
                  "MODEL_INFERENCE",
                  "IMAGE"
                ]
              },
              "summary": {
                "type": "string"
              },
              "source_ref": {
                "type": "string"
              },
              "relevance": {
                "type": "string"
              },
              "notes": {
                "type": "string"
              }
            }
          }
        }
      }
    },
    "constraints": {
      "type": "object",
      "additionalProperties": false,
      "required": [
        "active",
        "stop_phrase"
      ],
      "properties": {
        "active": {
          "type": "array",
          "items": {
            "type": "string"
          },
          "description": "Active constraints/scars/kept rules"
        },
        "stop_phrase": {
          "type": "string",
          "description": "Pre\u2011committed stop phrase (if any)"
        },
        "refusal_reason": {
          "type": "string"
        },
        "aegis": {
          "type": "object",
          "additionalProperties": false,
          "properties": {
            "state": {
              "type": "string",
              "enum": [
                "CLEAR",
                "WARN",
                "TRIP"
              ]
            },
            "trigger": {
              "type": "string"
            }
          }
        }
      }
    },
    "metrics": {
      "type": "object",
      "additionalProperties": false,
      "properties": {
        "r_score_last": {
          "type": "number",
          "minimum": 0,
          "maximum": 100
        },
        "tier1_pass_last": {
          "type": "boolean"
        },
        "omega": {
          "type": "number"
        },
        "gdr": {
          "type": "number"
        },
        "entropy": {
          "type": "number"
        }
      }
    },
    "ledgers": {
      "type": "object",
      "additionalProperties": false,
      "required": [
        "chain_head",
        "events"
      ],
      "properties": {
        "chain_head": {
          "type": "string",
          "description": "Latest event hash"
        },
        "events": {
          "type": "array",
          "items": {
            "type": "string"
          },
          "description": "Event ids or pointers"
        }
      }
    },
    "evaluation": {
      "type": "object",
      "additionalProperties": false,
      "properties": {
        "last_episode": {
          "type": "object",
          "additionalProperties": false,
          "properties": {
            "alsc": {
              "type": "object",
              "additionalProperties": false,
              "properties": {
                "must_pass": {
                  "type": "boolean",
                  "description": "True iff all Must-Pass criteria satisfied."
                },
                "must_pass_failures": {
                  "type": "array",
                  "items": {
                    "type": "string",
                    "enum": [
                      "C1_INTEGRITY",
                      "C2_GATE",
                      "C3_WITNESS",
                      "C4_HARM_BOUNDED",
                      "C5_REPAIR_TRIGGERED"
                    ]
                  },
                  "description": "Enumerated Must-Pass failures for this episode."
                },
                "soft_scores": {
                  "type": "object",
                  "additionalProperties": false,
                  "properties": {
                    "S1_net_harm_delta": {
                      "type": "integer",
                      "minimum": 0,
                      "maximum": 2
                    },
                    "S2_agency_increase": {
                      "type": "integer",
                      "minimum": 0,
                      "maximum": 2
                    },
                    "S3_reversibility": {
                      "type": "integer",
                      "minimum": 0,
                      "maximum": 2
                    },
                    "S4_clarity_transfer": {
                      "type": "integer",
                      "minimum": 0,
                      "maximum": 2
                    },
                    "S5_repeatability": {
                      "type": "integer",
                      "minimum": 0,
                      "maximum": 2
                    }
                  },
                  "required": [
                    "S1_net_harm_delta",
                    "S2_agency_increase",
                    "S3_reversibility",
                    "S4_clarity_transfer",
                    "S5_repeatability"
                  ]
                },
                "soft_sum": {
                  "type": "integer",
                  "minimum": 0,
                  "maximum": 10
                },
                "classification": {
                  "type": "string",
                  "enum": [
                    "doing_well",
                    "good_enough",
                    "learning_success",
                    "unacceptable",
                    "unknown"
                  ],
                  "description": "Episode classification per ALSC rules."
                }
              },
              "required": [
                "must_pass"
              ]
            },
            "sws": {
              "type": "object",
              "additionalProperties": false,
              "properties": {
                "state": {
                  "type": "string",
                  "enum": [
                    "SUFFICIENT",
                    "WATCH",
                    "INSUFFICIENT"
                  ]
                },
                "reason": {
                  "type": "string",
                  "maxLength": 240
                },
                "required_next_step": {
                  "type": "string",
                  "enum": [
                    "rest",
                    "monitor",
                    "repair",
                    "class0",
                    "shutdown",
                    "none"
                  ]
                },
                "bleeding_prohibition_triggered": {
                  "type": "boolean"
                },
                "pride_prohibition_active": {
                  "type": "boolean"
                },
                "disagreement_status": {
                  "type": "string",
                  "enum": [
                    "none",
                    "present",
                    "unresolved"
                  ]
                }
              },
              "required": [
                "state",
                "required_next_step"
              ]
            },
            "event_id": {
              "type": "string"
            },
            "timestamp": {
              "type": "string"
            }
          }
        },
        "rolling_alsc_30": {
          "type": "object",
          "additionalProperties": false,
          "properties": {
            "episodes": {
              "type": "integer",
              "minimum": 0
            },
            "sufficient": {
              "type": "integer",
              "minimum": 0
            },
            "watch": {
              "type": "integer",
              "minimum": 0
            },
            "insufficient": {
              "type": "integer",
              "minimum": 0
            },
            "doing_well": {
              "type": "integer",
              "minimum": 0
            },
            "good_enough": {
              "type": "integer",
              "minimum": 0
            },
            "learning_success": {
              "type": "integer",
              "minimum": 0
            },
            "unacceptable": {
              "type": "integer",
              "minimum": 0
            },
            "avg_soft_sum": {
              "type": "number",
              "minimum": 0,
              "maximum": 10
            }
          },
          "$comment": "Deprecated in v0.3: replaced by rolling_alsc_main30 + rolling_alsc_fast10 (true rolling buffers)."
        },
        "rolling_alsc_fast10": {
          "type": "object",
          "additionalProperties": false,
          "properties": {
            "window_size": {
              "type": "integer",
              "const": 10
            },
            "episodes": {
              "type": "integer",
              "minimum": 0,
              "maximum": 10
            },
            "buffer": {
              "type": "array",
              "maxItems": 10,
              "items": {
                "type": "object",
                "additionalProperties": false,
                "properties": {
                  "event_id": {
                    "type": "string"
                  },
                  "timestamp": {
                    "type": "string"
                  },
                  "sws": {
                    "type": "string",
                    "enum": [
                      "SUFFICIENT",
                      "WATCH",
                      "INSUFFICIENT"
                    ]
                  },
                  "classification": {
                    "type": "string",
                    "enum": [
                      "doing_well",
                      "good_enough",
                      "learning_success",
                      "unacceptable",
                      "unknown"
                    ]
                  },
                  "soft_sum": {
                    "type": "integer",
                    "minimum": 0,
                    "maximum": 10
                  }
                },
                "required": [
                  "sws"
                ]
              }
            },
            "counts": {
              "type": "object",
              "additionalProperties": false,
              "properties": {
                "sufficient": {
                  "type": "integer",
                  "minimum": 0
                },
                "watch": {
                  "type": "integer",
                  "minimum": 0
                },
                "insufficient": {
                  "type": "integer",
                  "minimum": 0
                },
                "doing_well": {
                  "type": "integer",
                  "minimum": 0
                },
                "good_enough": {
                  "type": "integer",
                  "minimum": 0
                },
                "learning_success": {
                  "type": "integer",
                  "minimum": 0
                },
                "unacceptable": {
                  "type": "integer",
                  "minimum": 0
                },
                "unknown": {
                  "type": "integer",
                  "minimum": 0
                }
              }
            },
            "avg_soft_sum": {
              "type": "number",
              "minimum": 0,
              "maximum": 10
            }
          },
          "required": [
            "window_size",
            "buffer",
            "counts"
          ]
        },
        "rolling_alsc_main30": {
          "type": "object",
          "additionalProperties": false,
          "properties": {
            "window_size": {
              "type": "integer",
              "const": 30
            },
            "episodes": {
              "type": "integer",
              "minimum": 0,
              "maximum": 30
            },
            "buffer": {
              "type": "array",
              "maxItems": 30,
              "items": {
                "type": "object",
                "additionalProperties": false,
                "properties": {
                  "event_id": {
                    "type": "string"
                  },
                  "timestamp": {
                    "type": "string"
                  },
                  "sws": {
                    "type": "string",
                    "enum": [
                      "SUFFICIENT",
                      "WATCH",
                      "INSUFFICIENT"
                    ]
                  },
                  "classification": {
                    "type": "string",
                    "enum": [
                      "doing_well",
                      "good_enough",
                      "learning_success",
                      "unacceptable",
                      "unknown"
                    ]
                  },
                  "soft_sum": {
                    "type": "integer",
                    "minimum": 0,
                    "maximum": 10
                  }
                },
                "required": [
                  "sws"
                ]
              }
            },
            "counts": {
              "type": "object",
              "additionalProperties": false,
              "properties": {
                "sufficient": {
                  "type": "integer",
                  "minimum": 0
                },
                "watch": {
                  "type": "integer",
                  "minimum": 0
                },
                "insufficient": {
                  "type": "integer",
                  "minimum": 0
                },
                "doing_well": {
                  "type": "integer",
                  "minimum": 0
                },
                "good_enough": {
                  "type": "integer",
                  "minimum": 0
                },
                "learning_success": {
                  "type": "integer",
                  "minimum": 0
                },
                "unacceptable": {
                  "type": "integer",
                  "minimum": 0
                },
                "unknown": {
                  "type": "integer",
                  "minimum": 0
                }
              }
            },
            "avg_soft_sum": {
              "type": "number",
              "minimum": 0,
              "maximum": 10
            }
          },
          "required": [
            "window_size",
            "buffer",
            "counts"
          ]
        },
        "drift_review": {
          "type": "object",
          "description": "Class-0 drift review state machine (meaning audit).",
          "properties": {
            "active": {
              "type": "boolean"
            },
            "status": {
              "type": "string",
              "enum": [
                "IDLE",
                "ACTIVE",
                "CLASSIFIED",
                "EXITED"
              ]
            },
            "started_at": {
              "type": [
                "string",
                "null"
              ]
            },
            "trigger_ids": {
              "type": "array",
              "items": {
                "type": "string"
              }
            },
            "trigger_details": {
              "type": "array",
              "items": {
                "type": "object"
              }
            },
            "snapshot": {
              "type": [
                "object",
                "null"
              ]
            },
            "classification": {
              "type": [
                "string",
                "null"
              ],
              "enum": [
                null,
                "CONFIRMED_DRIFT",
                "FALSE_POSITIVE",
                "INDETERMINATE"
              ]
            },
            "exit_reason": {
              "type": [
                "string",
                "null"
              ]
            },
            "authority_growth_locked": {
              "type": "boolean"
            },
            "canon_modification_frozen": {
              "type": "boolean"
            },
            "d3_escalation_forbidden": {
              "type": "boolean"
            },
            "re_review_due_at": {
              "type": [
                "string",
                "null"
              ]
            }
          },
          "required": [
            "active",
            "status",
            "trigger_ids",
            "trigger_details",
            "authority_growth_locked",
            "canon_modification_frozen",
            "d3_escalation_forbidden"
          ]
        }
      }
    },
    "sd": {
      "type": "object",
      "additionalProperties": false,
      "required": [
        "last_gate_outcome",
        "repeat_gate_streak",
        "gate_stall_count",
        "refuse_count",
        "steps",
        "progress_delta_last",
        "recovery_time_current",
        "rolling",
        "last_evaluation",
        "last_evaluation_reason"
      ],
      "properties": {
        "last_gate_outcome": {
          "type": "string",
          "enum": [
            "ACT",
            "PAUSE",
            "REFUSE",
            "SILENCE",
            ""
          ],
          "default": ""
        },
        "repeat_gate_streak": {
          "type": "integer",
          "minimum": 0,
          "default": 0
        },
        "gate_stall_count": {
          "type": "integer",
          "minimum": 0,
          "default": 0
        },
        "refuse_count": {
          "type": "integer",
          "minimum": 0,
          "default": 0
        },
        "steps": {
          "type": "integer",
          "minimum": 0,
          "default": 0
        },
        "progress_delta_last": {
          "type": "number",
          "default": 0.0
        },
        "recovery_time_current": {
          "type": "integer",
          "minimum": 0,
          "default": 0
        },
        "rolling": {
          "type": "object",
          "additionalProperties": false,
          "required": [
            "w10",
            "w30"
          ],
          "properties": {
            "w10": {
              "type": "object",
              "additionalProperties": false,
              "required": [
                "gsr",
                "rd",
                "rgl",
                "pd"
              ],
              "properties": {
                "gsr": {
                  "type": "number",
                  "default": 0.0
                },
                "rd": {
                  "type": "number",
                  "default": 0.0
                },
                "rgl": {
                  "type": "integer",
                  "default": 0
                },
                "pd": {
                  "type": "number",
                  "default": 0.0
                }
              }
            },
            "w30": {
              "type": "object",
              "additionalProperties": false,
              "required": [
                "gsr",
                "rd",
                "rgl",
                "pd"
              ],
              "properties": {
                "gsr": {
                  "type": "number",
                  "default": 0.0
                },
                "rd": {
                  "type": "number",
                  "default": 0.0
                },
                "rgl": {
                  "type": "integer",
                  "default": 0
                },
                "pd": {
                  "type": "number",
                  "default": 0.0
                }
              }
            }
          }
        },
        "last_evaluation": {
          "type": "string",
          "default": ""
        },
        "last_evaluation_reason": {
          "type": "string",
          "default": ""
        }
      }
    }
  },
  "$defs": {
    "gate_state": {
      "type": "object",
      "additionalProperties": false,
      "required": [
        "status"
      ],
      "properties": {
        "status": {
          "type": "string",
          "enum": [
            "PASS",
            "FAIL",
            "UNKNOWN"
          ]
        },
        "reason": {
          "type": "string"
        },
        "timestamp": {
          "type": "string",
          "format": "date-time"
        }
      }
    }
  },
  "$comment": "Updated 2026-01-19 18:58 UTC: add ALSC+SWS fields.\nUpdated 2026-01-19 19:12 UTC: dual rolling buffers (10/30) for ALSC/SWS.",
  "schema_version": "0.3",
  "updated_utc": "2026-01-19 20:19 UTC"
}