{
  "version": "v0.1",
  "adds": {
    "sd": {
      "last_gate_outcome": "string",
      "repeat_gate_streak": "int",
      "gate_stall_count": "int",
      "refuse_count": "int",
      "steps": "int",
      "progress_delta_last": "float",
      "recovery_time_current": "int",
      "rolling": {
        "w10": {"gsr": "float", "rd": "float", "rgl": "int", "pd": "float"},
        "w30": {"gsr": "float", "rd": "float", "rgl": "int", "pd": "float"}
      },
      "last_evaluation": "string",
      "last_evaluation_reason": "string"
    }
  }
}
